{
  "total_spend": 310390475723.0,
  "price_standardization_savings": 18454667942.0,
  "performance_improvement_savings": 167468695401.19,
  "consolidation_savings": 0.0,
  "maverick_spend": 40606789538.0,
  "usd_spend": 132407703.0,
  "fx_volatility": 99.84381247501,
  "total_savings": 185923363343.19,
  "savings_percentage": 59.89982872706201
}